Type,Name,Request Count,Failure Count,Median Response Time,Average Response Time,Min Response Time,Max Response Time,Average Content Size,Requests/s,Failures/s,50%,66%,75%,80%,90%,95%,98%,99%,99.9%,99.99%,100%
GET,/questionnaire/31c38c84-096a-4df9-b0fb-5a75b2c62b5a/H/002b6433-d108-11ec-9753-75a14901da8f/groupb8b0f5e8-ae7c-4b63-861e-736fa8193f22/0/block1335cba3-e6f5-48f4-a561-a85113b7f096,25,0,42,42.11071312000004,38.2902839999999,51.87840500000007,10886.0,3.5719867527560387,0.0,42,42,43,43,43,45,52,52,52,52,52
GET,/questionnaire/benchmark/0001/benchmark123/groupb8b0f5e8-ae7c-4b63-861e-736fa8193f22/0/introduction-block,26,0,48,48.40039038461539,45.02466299999952,53.18170100000019,16346.0,3.71486622286628,0.0,48,49,50,50,51,53,53,53,53,53,53
POST,/questionnaire/benchmark/0001/benchmark123/groupb8b0f5e8-ae7c-4b63-861e-736fa8193f22/0/introduction-block,26,0,68,67.74676311538461,61.85779700000005,74.50940799999995,463.0,3.71486622286628,0.0,68,69,69,69,71,73,75,75,75,75,75
GET,/session,26,0,96,98.76204953846153,90.15522500000017,150.1113580000002,463.0,3.71486622286628,0.0,96,97,98,99,100,120,150,150,150,150,150
,Aggregated,103,0,62,64.46997191262139,38.2902839999999,150.1113580000002,7002.155339805825,14.716585421354878,0.0,62,69,90,94,97,99,100,120,150,150,150
